,name,qid,measure,value
0,"Compose(Compose(RankCutoff(BR(BM25), 1000), FUnion(None(), FUnion(BR(TF_IDF), FUnion(BR(PL2), FUnion(BR(Dl), BR(DirichletLM)))))), <pyterrier.ltr.RegressionTransformer object at 0x16d60ce80>)",156493,map,0.2207079139944263
1,"Compose(Compose(RankCutoff(BR(BM25), 1000), FUnion(None(), FUnion(BR(TF_IDF), FUnion(BR(PL2), FUnion(BR(Dl), BR(DirichletLM)))))), <pyterrier.ltr.RegressionTransformer object at 0x16d60ce80>)",156493,recip_rank,1.0
2,"Compose(Compose(RankCutoff(BR(BM25), 1000), FUnion(None(), FUnion(BR(TF_IDF), FUnion(BR(PL2), FUnion(BR(Dl), BR(DirichletLM)))))), <pyterrier.ltr.RegressionTransformer object at 0x16d60ce80>)",156493,ndcg_cut_10,0.315272353390128
3,"Compose(Compose(RankCutoff(BR(BM25), 1000), FUnion(None(), FUnion(BR(TF_IDF), FUnion(BR(PL2), FUnion(BR(Dl), BR(DirichletLM)))))), <pyterrier.ltr.RegressionTransformer object at 0x16d60ce80>)",156493,ndcg_cut_30,0.4144172423444214
4,"Compose(Compose(RankCutoff(BR(BM25), 1000), FUnion(None(), FUnion(BR(TF_IDF), FUnion(BR(PL2), FUnion(BR(Dl), BR(DirichletLM)))))), <pyterrier.ltr.RegressionTransformer object at 0x16d60ce80>)",1110199,map,0.012566533816055256
5,"Compose(Compose(RankCutoff(BR(BM25), 1000), FUnion(None(), FUnion(BR(TF_IDF), FUnion(BR(PL2), FUnion(BR(Dl), BR(DirichletLM)))))), <pyterrier.ltr.RegressionTransformer object at 0x16d60ce80>)",1110199,recip_rank,0.16666666666666666
6,"Compose(Compose(RankCutoff(BR(BM25), 1000), FUnion(None(), FUnion(BR(TF_IDF), FUnion(BR(PL2), FUnion(BR(Dl), BR(DirichletLM)))))), <pyterrier.ltr.RegressionTransformer object at 0x16d60ce80>)",1110199,ndcg_cut_10,0.028745429945784454
7,"Compose(Compose(RankCutoff(BR(BM25), 1000), FUnion(None(), FUnion(BR(TF_IDF), FUnion(BR(PL2), FUnion(BR(Dl), BR(DirichletLM)))))), <pyterrier.ltr.RegressionTransformer object at 0x16d60ce80>)",1110199,ndcg_cut_30,0.016784661880756765
8,"Compose(Compose(RankCutoff(BR(BM25), 1000), FUnion(None(), FUnion(BR(TF_IDF), FUnion(BR(PL2), FUnion(BR(Dl), BR(DirichletLM)))))), <pyterrier.ltr.RegressionTransformer object at 0x16d60ce80>)",1063750,map,0.0001765873344970513
9,"Compose(Compose(RankCutoff(BR(BM25), 1000), FUnion(None(), FUnion(BR(TF_IDF), FUnion(BR(PL2), FUnion(BR(Dl), BR(DirichletLM)))))), <pyterrier.ltr.RegressionTransformer object at 0x16d60ce80>)",1063750,recip_rank,0.007352941176470588
10,"Compose(Compose(RankCutoff(BR(BM25), 1000), FUnion(None(), FUnion(BR(TF_IDF), FUnion(BR(PL2), FUnion(BR(Dl), BR(DirichletLM)))))), <pyterrier.ltr.RegressionTransformer object at 0x16d60ce80>)",1063750,ndcg_cut_10,0.0
11,"Compose(Compose(RankCutoff(BR(BM25), 1000), FUnion(None(), FUnion(BR(TF_IDF), FUnion(BR(PL2), FUnion(BR(Dl), BR(DirichletLM)))))), <pyterrier.ltr.RegressionTransformer object at 0x16d60ce80>)",1063750,ndcg_cut_30,0.0
12,"Compose(Compose(RankCutoff(BR(BM25), 1000), FUnion(None(), FUnion(BR(TF_IDF), FUnion(BR(PL2), FUnion(BR(Dl), BR(DirichletLM)))))), <pyterrier.ltr.RegressionTransformer object at 0x16d60ce80>)",130510,map,0.24452904840119527
13,"Compose(Compose(RankCutoff(BR(BM25), 1000), FUnion(None(), FUnion(BR(TF_IDF), FUnion(BR(PL2), FUnion(BR(Dl), BR(DirichletLM)))))), <pyterrier.ltr.RegressionTransformer object at 0x16d60ce80>)",130510,recip_rank,0.5
14,"Compose(Compose(RankCutoff(BR(BM25), 1000), FUnion(None(), FUnion(BR(TF_IDF), FUnion(BR(PL2), FUnion(BR(Dl), BR(DirichletLM)))))), <pyterrier.ltr.RegressionTransformer object at 0x16d60ce80>)",130510,ndcg_cut_10,0.24644465553256895
15,"Compose(Compose(RankCutoff(BR(BM25), 1000), FUnion(None(), FUnion(BR(TF_IDF), FUnion(BR(PL2), FUnion(BR(Dl), BR(DirichletLM)))))), <pyterrier.ltr.RegressionTransformer object at 0x16d60ce80>)",130510,ndcg_cut_30,0.2820572391803412
16,"Compose(Compose(RankCutoff(BR(BM25), 1000), FUnion(None(), FUnion(BR(TF_IDF), FUnion(BR(PL2), FUnion(BR(Dl), BR(DirichletLM)))))), <pyterrier.ltr.RegressionTransformer object at 0x16d60ce80>)",489204,map,0.025844371556981133
17,"Compose(Compose(RankCutoff(BR(BM25), 1000), FUnion(None(), FUnion(BR(TF_IDF), FUnion(BR(PL2), FUnion(BR(Dl), BR(DirichletLM)))))), <pyterrier.ltr.RegressionTransformer object at 0x16d60ce80>)",489204,recip_rank,0.16666666666666666
18,"Compose(Compose(RankCutoff(BR(BM25), 1000), FUnion(None(), FUnion(BR(TF_IDF), FUnion(BR(PL2), FUnion(BR(Dl), BR(DirichletLM)))))), <pyterrier.ltr.RegressionTransformer object at 0x16d60ce80>)",489204,ndcg_cut_10,0.0651560870721425
19,"Compose(Compose(RankCutoff(BR(BM25), 1000), FUnion(None(), FUnion(BR(TF_IDF), FUnion(BR(PL2), FUnion(BR(Dl), BR(DirichletLM)))))), <pyterrier.ltr.RegressionTransformer object at 0x16d60ce80>)",489204,ndcg_cut_30,0.06720590230492349
20,"Compose(Compose(RankCutoff(BR(BM25), 1000), FUnion(None(), FUnion(BR(TF_IDF), FUnion(BR(PL2), FUnion(BR(Dl), BR(DirichletLM)))))), <pyterrier.ltr.RegressionTransformer object at 0x16d60ce80>)",573724,map,0.09596416895358166
21,"Compose(Compose(RankCutoff(BR(BM25), 1000), FUnion(None(), FUnion(BR(TF_IDF), FUnion(BR(PL2), FUnion(BR(Dl), BR(DirichletLM)))))), <pyterrier.ltr.RegressionTransformer object at 0x16d60ce80>)",573724,recip_rank,0.16666666666666666
22,"Compose(Compose(RankCutoff(BR(BM25), 1000), FUnion(None(), FUnion(BR(TF_IDF), FUnion(BR(PL2), FUnion(BR(Dl), BR(DirichletLM)))))), <pyterrier.ltr.RegressionTransformer object at 0x16d60ce80>)",573724,ndcg_cut_10,0.03531307586866173
23,"Compose(Compose(RankCutoff(BR(BM25), 1000), FUnion(None(), FUnion(BR(TF_IDF), FUnion(BR(PL2), FUnion(BR(Dl), BR(DirichletLM)))))), <pyterrier.ltr.RegressionTransformer object at 0x16d60ce80>)",573724,ndcg_cut_30,0.08126188260314544
24,"Compose(Compose(RankCutoff(BR(BM25), 1000), FUnion(None(), FUnion(BR(TF_IDF), FUnion(BR(PL2), FUnion(BR(Dl), BR(DirichletLM)))))), <pyterrier.ltr.RegressionTransformer object at 0x16d60ce80>)",168216,map,0.6648874623574957
25,"Compose(Compose(RankCutoff(BR(BM25), 1000), FUnion(None(), FUnion(BR(TF_IDF), FUnion(BR(PL2), FUnion(BR(Dl), BR(DirichletLM)))))), <pyterrier.ltr.RegressionTransformer object at 0x16d60ce80>)",168216,recip_rank,1.0
26,"Compose(Compose(RankCutoff(BR(BM25), 1000), FUnion(None(), FUnion(BR(TF_IDF), FUnion(BR(PL2), FUnion(BR(Dl), BR(DirichletLM)))))), <pyterrier.ltr.RegressionTransformer object at 0x16d60ce80>)",168216,ndcg_cut_10,0.9537125187088151
27,"Compose(Compose(RankCutoff(BR(BM25), 1000), FUnion(None(), FUnion(BR(TF_IDF), FUnion(BR(PL2), FUnion(BR(Dl), BR(DirichletLM)))))), <pyterrier.ltr.RegressionTransformer object at 0x16d60ce80>)",168216,ndcg_cut_30,0.8983165500702487
28,"Compose(Compose(RankCutoff(BR(BM25), 1000), FUnion(None(), FUnion(BR(TF_IDF), FUnion(BR(PL2), FUnion(BR(Dl), BR(DirichletLM)))))), <pyterrier.ltr.RegressionTransformer object at 0x16d60ce80>)",1133167,map,0.22983675676303875
29,"Compose(Compose(RankCutoff(BR(BM25), 1000), FUnion(None(), FUnion(BR(TF_IDF), FUnion(BR(PL2), FUnion(BR(Dl), BR(DirichletLM)))))), <pyterrier.ltr.RegressionTransformer object at 0x16d60ce80>)",1133167,recip_rank,1.0
30,"Compose(Compose(RankCutoff(BR(BM25), 1000), FUnion(None(), FUnion(BR(TF_IDF), FUnion(BR(PL2), FUnion(BR(Dl), BR(DirichletLM)))))), <pyterrier.ltr.RegressionTransformer object at 0x16d60ce80>)",1133167,ndcg_cut_10,0.5224521026235942
31,"Compose(Compose(RankCutoff(BR(BM25), 1000), FUnion(None(), FUnion(BR(TF_IDF), FUnion(BR(PL2), FUnion(BR(Dl), BR(DirichletLM)))))), <pyterrier.ltr.RegressionTransformer object at 0x16d60ce80>)",1133167,ndcg_cut_30,0.4914819121454773
32,"Compose(Compose(RankCutoff(BR(BM25), 1000), FUnion(None(), FUnion(BR(TF_IDF), FUnion(BR(PL2), FUnion(BR(Dl), BR(DirichletLM)))))), <pyterrier.ltr.RegressionTransformer object at 0x16d60ce80>)",527433,map,0.016973270177981496
33,"Compose(Compose(RankCutoff(BR(BM25), 1000), FUnion(None(), FUnion(BR(TF_IDF), FUnion(BR(PL2), FUnion(BR(Dl), BR(DirichletLM)))))), <pyterrier.ltr.RegressionTransformer object at 0x16d60ce80>)",527433,recip_rank,0.029411764705882353
34,"Compose(Compose(RankCutoff(BR(BM25), 1000), FUnion(None(), FUnion(BR(TF_IDF), FUnion(BR(PL2), FUnion(BR(Dl), BR(DirichletLM)))))), <pyterrier.ltr.RegressionTransformer object at 0x16d60ce80>)",527433,ndcg_cut_10,0.0
35,"Compose(Compose(RankCutoff(BR(BM25), 1000), FUnion(None(), FUnion(BR(TF_IDF), FUnion(BR(PL2), FUnion(BR(Dl), BR(DirichletLM)))))), <pyterrier.ltr.RegressionTransformer object at 0x16d60ce80>)",527433,ndcg_cut_30,0.0
36,"Compose(Compose(RankCutoff(BR(BM25), 1000), FUnion(None(), FUnion(BR(TF_IDF), FUnion(BR(PL2), FUnion(BR(Dl), BR(DirichletLM)))))), <pyterrier.ltr.RegressionTransformer object at 0x16d60ce80>)",1037798,map,0.01725731063496194
37,"Compose(Compose(RankCutoff(BR(BM25), 1000), FUnion(None(), FUnion(BR(TF_IDF), FUnion(BR(PL2), FUnion(BR(Dl), BR(DirichletLM)))))), <pyterrier.ltr.RegressionTransformer object at 0x16d60ce80>)",1037798,recip_rank,0.016129032258064516
38,"Compose(Compose(RankCutoff(BR(BM25), 1000), FUnion(None(), FUnion(BR(TF_IDF), FUnion(BR(PL2), FUnion(BR(Dl), BR(DirichletLM)))))), <pyterrier.ltr.RegressionTransformer object at 0x16d60ce80>)",1037798,ndcg_cut_10,0.0
39,"Compose(Compose(RankCutoff(BR(BM25), 1000), FUnion(None(), FUnion(BR(TF_IDF), FUnion(BR(PL2), FUnion(BR(Dl), BR(DirichletLM)))))), <pyterrier.ltr.RegressionTransformer object at 0x16d60ce80>)",1037798,ndcg_cut_30,0.0
40,"Compose(Compose(RankCutoff(BR(BM25), 1000), FUnion(None(), FUnion(BR(TF_IDF), FUnion(BR(PL2), FUnion(BR(Dl), BR(DirichletLM)))))), <pyterrier.ltr.RegressionTransformer object at 0x16d60ce80>)",915593,map,0.3205771751829373
41,"Compose(Compose(RankCutoff(BR(BM25), 1000), FUnion(None(), FUnion(BR(TF_IDF), FUnion(BR(PL2), FUnion(BR(Dl), BR(DirichletLM)))))), <pyterrier.ltr.RegressionTransformer object at 0x16d60ce80>)",915593,recip_rank,0.3333333333333333
42,"Compose(Compose(RankCutoff(BR(BM25), 1000), FUnion(None(), FUnion(BR(TF_IDF), FUnion(BR(PL2), FUnion(BR(Dl), BR(DirichletLM)))))), <pyterrier.ltr.RegressionTransformer object at 0x16d60ce80>)",915593,ndcg_cut_10,0.31420497880501014
43,"Compose(Compose(RankCutoff(BR(BM25), 1000), FUnion(None(), FUnion(BR(TF_IDF), FUnion(BR(PL2), FUnion(BR(Dl), BR(DirichletLM)))))), <pyterrier.ltr.RegressionTransformer object at 0x16d60ce80>)",915593,ndcg_cut_30,0.2548813174611983
44,"Compose(Compose(RankCutoff(BR(BM25), 1000), FUnion(None(), FUnion(BR(TF_IDF), FUnion(BR(PL2), FUnion(BR(Dl), BR(DirichletLM)))))), <pyterrier.ltr.RegressionTransformer object at 0x16d60ce80>)",264014,map,0.14215158585756457
45,"Compose(Compose(RankCutoff(BR(BM25), 1000), FUnion(None(), FUnion(BR(TF_IDF), FUnion(BR(PL2), FUnion(BR(Dl), BR(DirichletLM)))))), <pyterrier.ltr.RegressionTransformer object at 0x16d60ce80>)",264014,recip_rank,1.0
46,"Compose(Compose(RankCutoff(BR(BM25), 1000), FUnion(None(), FUnion(BR(TF_IDF), FUnion(BR(PL2), FUnion(BR(Dl), BR(DirichletLM)))))), <pyterrier.ltr.RegressionTransformer object at 0x16d60ce80>)",264014,ndcg_cut_10,0.22087897346477176
47,"Compose(Compose(RankCutoff(BR(BM25), 1000), FUnion(None(), FUnion(BR(TF_IDF), FUnion(BR(PL2), FUnion(BR(Dl), BR(DirichletLM)))))), <pyterrier.ltr.RegressionTransformer object at 0x16d60ce80>)",264014,ndcg_cut_30,0.32036034561021304
48,"Compose(Compose(RankCutoff(BR(BM25), 1000), FUnion(None(), FUnion(BR(TF_IDF), FUnion(BR(PL2), FUnion(BR(Dl), BR(DirichletLM)))))), <pyterrier.ltr.RegressionTransformer object at 0x16d60ce80>)",1121402,map,0.247777472395658
49,"Compose(Compose(RankCutoff(BR(BM25), 1000), FUnion(None(), FUnion(BR(TF_IDF), FUnion(BR(PL2), FUnion(BR(Dl), BR(DirichletLM)))))), <pyterrier.ltr.RegressionTransformer object at 0x16d60ce80>)",1121402,recip_rank,0.25
50,"Compose(Compose(RankCutoff(BR(BM25), 1000), FUnion(None(), FUnion(BR(TF_IDF), FUnion(BR(PL2), FUnion(BR(Dl), BR(DirichletLM)))))), <pyterrier.ltr.RegressionTransformer object at 0x16d60ce80>)",1121402,ndcg_cut_10,0.19799633048709528
51,"Compose(Compose(RankCutoff(BR(BM25), 1000), FUnion(None(), FUnion(BR(TF_IDF), FUnion(BR(PL2), FUnion(BR(Dl), BR(DirichletLM)))))), <pyterrier.ltr.RegressionTransformer object at 0x16d60ce80>)",1121402,ndcg_cut_30,0.3253621035856514
52,"Compose(Compose(RankCutoff(BR(BM25), 1000), FUnion(None(), FUnion(BR(TF_IDF), FUnion(BR(PL2), FUnion(BR(Dl), BR(DirichletLM)))))), <pyterrier.ltr.RegressionTransformer object at 0x16d60ce80>)",962179,map,0.03344464352705807
53,"Compose(Compose(RankCutoff(BR(BM25), 1000), FUnion(None(), FUnion(BR(TF_IDF), FUnion(BR(PL2), FUnion(BR(Dl), BR(DirichletLM)))))), <pyterrier.ltr.RegressionTransformer object at 0x16d60ce80>)",962179,recip_rank,0.25
54,"Compose(Compose(RankCutoff(BR(BM25), 1000), FUnion(None(), FUnion(BR(TF_IDF), FUnion(BR(PL2), FUnion(BR(Dl), BR(DirichletLM)))))), <pyterrier.ltr.RegressionTransformer object at 0x16d60ce80>)",962179,ndcg_cut_10,0.03159612145651692
55,"Compose(Compose(RankCutoff(BR(BM25), 1000), FUnion(None(), FUnion(BR(TF_IDF), FUnion(BR(PL2), FUnion(BR(Dl), BR(DirichletLM)))))), <pyterrier.ltr.RegressionTransformer object at 0x16d60ce80>)",962179,ndcg_cut_30,0.019195314431548555
56,"Compose(Compose(RankCutoff(BR(BM25), 1000), FUnion(None(), FUnion(BR(TF_IDF), FUnion(BR(PL2), FUnion(BR(Dl), BR(DirichletLM)))))), <pyterrier.ltr.RegressionTransformer object at 0x16d60ce80>)",1117099,map,0.04559883228752207
57,"Compose(Compose(RankCutoff(BR(BM25), 1000), FUnion(None(), FUnion(BR(TF_IDF), FUnion(BR(PL2), FUnion(BR(Dl), BR(DirichletLM)))))), <pyterrier.ltr.RegressionTransformer object at 0x16d60ce80>)",1117099,recip_rank,1.0
58,"Compose(Compose(RankCutoff(BR(BM25), 1000), FUnion(None(), FUnion(BR(TF_IDF), FUnion(BR(PL2), FUnion(BR(Dl), BR(DirichletLM)))))), <pyterrier.ltr.RegressionTransformer object at 0x16d60ce80>)",1117099,ndcg_cut_10,0.07336392209936005
59,"Compose(Compose(RankCutoff(BR(BM25), 1000), FUnion(None(), FUnion(BR(TF_IDF), FUnion(BR(PL2), FUnion(BR(Dl), BR(DirichletLM)))))), <pyterrier.ltr.RegressionTransformer object at 0x16d60ce80>)",1117099,ndcg_cut_30,0.07013568507464188
60,"Compose(Compose(RankCutoff(BR(BM25), 1000), FUnion(None(), FUnion(BR(TF_IDF), FUnion(BR(PL2), FUnion(BR(Dl), BR(DirichletLM)))))), <pyterrier.ltr.RegressionTransformer object at 0x16d60ce80>)",148538,map,0.09437998567274405
61,"Compose(Compose(RankCutoff(BR(BM25), 1000), FUnion(None(), FUnion(BR(TF_IDF), FUnion(BR(PL2), FUnion(BR(Dl), BR(DirichletLM)))))), <pyterrier.ltr.RegressionTransformer object at 0x16d60ce80>)",148538,recip_rank,0.14285714285714285
62,"Compose(Compose(RankCutoff(BR(BM25), 1000), FUnion(None(), FUnion(BR(TF_IDF), FUnion(BR(PL2), FUnion(BR(Dl), BR(DirichletLM)))))), <pyterrier.ltr.RegressionTransformer object at 0x16d60ce80>)",148538,ndcg_cut_10,0.06053324113728674
63,"Compose(Compose(RankCutoff(BR(BM25), 1000), FUnion(None(), FUnion(BR(TF_IDF), FUnion(BR(PL2), FUnion(BR(Dl), BR(DirichletLM)))))), <pyterrier.ltr.RegressionTransformer object at 0x16d60ce80>)",148538,ndcg_cut_30,0.05621692393532771
64,"Compose(Compose(RankCutoff(BR(BM25), 1000), FUnion(None(), FUnion(BR(TF_IDF), FUnion(BR(PL2), FUnion(BR(Dl), BR(DirichletLM)))))), <pyterrier.ltr.RegressionTransformer object at 0x16d60ce80>)",451602,map,0.060926487900775116
65,"Compose(Compose(RankCutoff(BR(BM25), 1000), FUnion(None(), FUnion(BR(TF_IDF), FUnion(BR(PL2), FUnion(BR(Dl), BR(DirichletLM)))))), <pyterrier.ltr.RegressionTransformer object at 0x16d60ce80>)",451602,recip_rank,0.1111111111111111
66,"Compose(Compose(RankCutoff(BR(BM25), 1000), FUnion(None(), FUnion(BR(TF_IDF), FUnion(BR(PL2), FUnion(BR(Dl), BR(DirichletLM)))))), <pyterrier.ltr.RegressionTransformer object at 0x16d60ce80>)",451602,ndcg_cut_10,0.06625422345438903
67,"Compose(Compose(RankCutoff(BR(BM25), 1000), FUnion(None(), FUnion(BR(TF_IDF), FUnion(BR(PL2), FUnion(BR(Dl), BR(DirichletLM)))))), <pyterrier.ltr.RegressionTransformer object at 0x16d60ce80>)",451602,ndcg_cut_30,0.09977205468328308
68,"Compose(Compose(RankCutoff(BR(BM25), 1000), FUnion(None(), FUnion(BR(TF_IDF), FUnion(BR(PL2), FUnion(BR(Dl), BR(DirichletLM)))))), <pyterrier.ltr.RegressionTransformer object at 0x16d60ce80>)",359349,map,0.2824022081219943
69,"Compose(Compose(RankCutoff(BR(BM25), 1000), FUnion(None(), FUnion(BR(TF_IDF), FUnion(BR(PL2), FUnion(BR(Dl), BR(DirichletLM)))))), <pyterrier.ltr.RegressionTransformer object at 0x16d60ce80>)",359349,recip_rank,1.0
70,"Compose(Compose(RankCutoff(BR(BM25), 1000), FUnion(None(), FUnion(BR(TF_IDF), FUnion(BR(PL2), FUnion(BR(Dl), BR(DirichletLM)))))), <pyterrier.ltr.RegressionTransformer object at 0x16d60ce80>)",359349,ndcg_cut_10,0.6266031750661306
71,"Compose(Compose(RankCutoff(BR(BM25), 1000), FUnion(None(), FUnion(BR(TF_IDF), FUnion(BR(PL2), FUnion(BR(Dl), BR(DirichletLM)))))), <pyterrier.ltr.RegressionTransformer object at 0x16d60ce80>)",359349,ndcg_cut_30,0.5403495043812674
72,"Compose(Compose(RankCutoff(BR(BM25), 1000), FUnion(None(), FUnion(BR(TF_IDF), FUnion(BR(PL2), FUnion(BR(Dl), BR(DirichletLM)))))), <pyterrier.ltr.RegressionTransformer object at 0x16d60ce80>)",1115776,map,0.08584506861786691
73,"Compose(Compose(RankCutoff(BR(BM25), 1000), FUnion(None(), FUnion(BR(TF_IDF), FUnion(BR(PL2), FUnion(BR(Dl), BR(DirichletLM)))))), <pyterrier.ltr.RegressionTransformer object at 0x16d60ce80>)",1115776,recip_rank,0.5
74,"Compose(Compose(RankCutoff(BR(BM25), 1000), FUnion(None(), FUnion(BR(TF_IDF), FUnion(BR(PL2), FUnion(BR(Dl), BR(DirichletLM)))))), <pyterrier.ltr.RegressionTransformer object at 0x16d60ce80>)",1115776,ndcg_cut_10,0.17450865777132785
75,"Compose(Compose(RankCutoff(BR(BM25), 1000), FUnion(None(), FUnion(BR(TF_IDF), FUnion(BR(PL2), FUnion(BR(Dl), BR(DirichletLM)))))), <pyterrier.ltr.RegressionTransformer object at 0x16d60ce80>)",1115776,ndcg_cut_30,0.12587353242534113
76,"Compose(Compose(RankCutoff(BR(BM25), 1000), FUnion(None(), FUnion(BR(TF_IDF), FUnion(BR(PL2), FUnion(BR(Dl), BR(DirichletLM)))))), <pyterrier.ltr.RegressionTransformer object at 0x16d60ce80>)",1112341,map,0.052257355330791275
77,"Compose(Compose(RankCutoff(BR(BM25), 1000), FUnion(None(), FUnion(BR(TF_IDF), FUnion(BR(PL2), FUnion(BR(Dl), BR(DirichletLM)))))), <pyterrier.ltr.RegressionTransformer object at 0x16d60ce80>)",1112341,recip_rank,0.3333333333333333
78,"Compose(Compose(RankCutoff(BR(BM25), 1000), FUnion(None(), FUnion(BR(TF_IDF), FUnion(BR(PL2), FUnion(BR(Dl), BR(DirichletLM)))))), <pyterrier.ltr.RegressionTransformer object at 0x16d60ce80>)",1112341,ndcg_cut_10,0.12562943475181026
79,"Compose(Compose(RankCutoff(BR(BM25), 1000), FUnion(None(), FUnion(BR(TF_IDF), FUnion(BR(PL2), FUnion(BR(Dl), BR(DirichletLM)))))), <pyterrier.ltr.RegressionTransformer object at 0x16d60ce80>)",1112341,ndcg_cut_30,0.09293151055296073
80,"Compose(Compose(RankCutoff(BR(BM25), 1000), FUnion(None(), FUnion(BR(TF_IDF), FUnion(BR(PL2), FUnion(BR(Dl), BR(DirichletLM)))))), <pyterrier.ltr.RegressionTransformer object at 0x16d60ce80>)",131843,map,0.22526505343593023
81,"Compose(Compose(RankCutoff(BR(BM25), 1000), FUnion(None(), FUnion(BR(TF_IDF), FUnion(BR(PL2), FUnion(BR(Dl), BR(DirichletLM)))))), <pyterrier.ltr.RegressionTransformer object at 0x16d60ce80>)",131843,recip_rank,1.0
82,"Compose(Compose(RankCutoff(BR(BM25), 1000), FUnion(None(), FUnion(BR(TF_IDF), FUnion(BR(PL2), FUnion(BR(Dl), BR(DirichletLM)))))), <pyterrier.ltr.RegressionTransformer object at 0x16d60ce80>)",131843,ndcg_cut_10,0.6719004503295019
83,"Compose(Compose(RankCutoff(BR(BM25), 1000), FUnion(None(), FUnion(BR(TF_IDF), FUnion(BR(PL2), FUnion(BR(Dl), BR(DirichletLM)))))), <pyterrier.ltr.RegressionTransformer object at 0x16d60ce80>)",131843,ndcg_cut_30,0.5919845820329119
84,"Compose(Compose(RankCutoff(BR(BM25), 1000), FUnion(None(), FUnion(BR(TF_IDF), FUnion(BR(PL2), FUnion(BR(Dl), BR(DirichletLM)))))), <pyterrier.ltr.RegressionTransformer object at 0x16d60ce80>)",104861,map,0.11127982940690412
85,"Compose(Compose(RankCutoff(BR(BM25), 1000), FUnion(None(), FUnion(BR(TF_IDF), FUnion(BR(PL2), FUnion(BR(Dl), BR(DirichletLM)))))), <pyterrier.ltr.RegressionTransformer object at 0x16d60ce80>)",104861,recip_rank,0.09090909090909091
86,"Compose(Compose(RankCutoff(BR(BM25), 1000), FUnion(None(), FUnion(BR(TF_IDF), FUnion(BR(PL2), FUnion(BR(Dl), BR(DirichletLM)))))), <pyterrier.ltr.RegressionTransformer object at 0x16d60ce80>)",104861,ndcg_cut_10,0.0
87,"Compose(Compose(RankCutoff(BR(BM25), 1000), FUnion(None(), FUnion(BR(TF_IDF), FUnion(BR(PL2), FUnion(BR(Dl), BR(DirichletLM)))))), <pyterrier.ltr.RegressionTransformer object at 0x16d60ce80>)",104861,ndcg_cut_30,0.09152268177219261
88,"Compose(Compose(RankCutoff(BR(BM25), 1000), FUnion(None(), FUnion(BR(TF_IDF), FUnion(BR(PL2), FUnion(BR(Dl), BR(DirichletLM)))))), <pyterrier.ltr.RegressionTransformer object at 0x16d60ce80>)",833860,map,0.01757042029803025
89,"Compose(Compose(RankCutoff(BR(BM25), 1000), FUnion(None(), FUnion(BR(TF_IDF), FUnion(BR(PL2), FUnion(BR(Dl), BR(DirichletLM)))))), <pyterrier.ltr.RegressionTransformer object at 0x16d60ce80>)",833860,recip_rank,0.02040816326530612
90,"Compose(Compose(RankCutoff(BR(BM25), 1000), FUnion(None(), FUnion(BR(TF_IDF), FUnion(BR(PL2), FUnion(BR(Dl), BR(DirichletLM)))))), <pyterrier.ltr.RegressionTransformer object at 0x16d60ce80>)",833860,ndcg_cut_10,0.0
91,"Compose(Compose(RankCutoff(BR(BM25), 1000), FUnion(None(), FUnion(BR(TF_IDF), FUnion(BR(PL2), FUnion(BR(Dl), BR(DirichletLM)))))), <pyterrier.ltr.RegressionTransformer object at 0x16d60ce80>)",833860,ndcg_cut_30,0.0
92,"Compose(Compose(RankCutoff(BR(BM25), 1000), FUnion(None(), FUnion(BR(TF_IDF), FUnion(BR(PL2), FUnion(BR(Dl), BR(DirichletLM)))))), <pyterrier.ltr.RegressionTransformer object at 0x16d60ce80>)",207786,map,0.06519380398147541
93,"Compose(Compose(RankCutoff(BR(BM25), 1000), FUnion(None(), FUnion(BR(TF_IDF), FUnion(BR(PL2), FUnion(BR(Dl), BR(DirichletLM)))))), <pyterrier.ltr.RegressionTransformer object at 0x16d60ce80>)",207786,recip_rank,0.25
94,"Compose(Compose(RankCutoff(BR(BM25), 1000), FUnion(None(), FUnion(BR(TF_IDF), FUnion(BR(PL2), FUnion(BR(Dl), BR(DirichletLM)))))), <pyterrier.ltr.RegressionTransformer object at 0x16d60ce80>)",207786,ndcg_cut_10,0.04739418218477539
95,"Compose(Compose(RankCutoff(BR(BM25), 1000), FUnion(None(), FUnion(BR(TF_IDF), FUnion(BR(PL2), FUnion(BR(Dl), BR(DirichletLM)))))), <pyterrier.ltr.RegressionTransformer object at 0x16d60ce80>)",207786,ndcg_cut_30,0.09931515365473427
96,"Compose(Compose(RankCutoff(BR(BM25), 1000), FUnion(None(), FUnion(BR(TF_IDF), FUnion(BR(PL2), FUnion(BR(Dl), BR(DirichletLM)))))), <pyterrier.ltr.RegressionTransformer object at 0x16d60ce80>)",1114819,map,0.36587614060005386
97,"Compose(Compose(RankCutoff(BR(BM25), 1000), FUnion(None(), FUnion(BR(TF_IDF), FUnion(BR(PL2), FUnion(BR(Dl), BR(DirichletLM)))))), <pyterrier.ltr.RegressionTransformer object at 0x16d60ce80>)",1114819,recip_rank,1.0
98,"Compose(Compose(RankCutoff(BR(BM25), 1000), FUnion(None(), FUnion(BR(TF_IDF), FUnion(BR(PL2), FUnion(BR(Dl), BR(DirichletLM)))))), <pyterrier.ltr.RegressionTransformer object at 0x16d60ce80>)",1114819,ndcg_cut_10,0.36336841280762294
99,"Compose(Compose(RankCutoff(BR(BM25), 1000), FUnion(None(), FUnion(BR(TF_IDF), FUnion(BR(PL2), FUnion(BR(Dl), BR(DirichletLM)))))), <pyterrier.ltr.RegressionTransformer object at 0x16d60ce80>)",1114819,ndcg_cut_30,0.37919720971352217
100,"Compose(Compose(RankCutoff(BR(BM25), 1000), FUnion(None(), FUnion(BR(TF_IDF), FUnion(BR(PL2), FUnion(BR(Dl), BR(DirichletLM)))))), <pyterrier.ltr.RegressionTransformer object at 0x16d60ce80>)",183378,map,0.21199409339360314
101,"Compose(Compose(RankCutoff(BR(BM25), 1000), FUnion(None(), FUnion(BR(TF_IDF), FUnion(BR(PL2), FUnion(BR(Dl), BR(DirichletLM)))))), <pyterrier.ltr.RegressionTransformer object at 0x16d60ce80>)",183378,recip_rank,1.0
102,"Compose(Compose(RankCutoff(BR(BM25), 1000), FUnion(None(), FUnion(BR(TF_IDF), FUnion(BR(PL2), FUnion(BR(Dl), BR(DirichletLM)))))), <pyterrier.ltr.RegressionTransformer object at 0x16d60ce80>)",183378,ndcg_cut_10,0.5209185373655912
103,"Compose(Compose(RankCutoff(BR(BM25), 1000), FUnion(None(), FUnion(BR(TF_IDF), FUnion(BR(PL2), FUnion(BR(Dl), BR(DirichletLM)))))), <pyterrier.ltr.RegressionTransformer object at 0x16d60ce80>)",183378,ndcg_cut_30,0.5317384506941188
104,"Compose(Compose(RankCutoff(BR(BM25), 1000), FUnion(None(), FUnion(BR(TF_IDF), FUnion(BR(PL2), FUnion(BR(Dl), BR(DirichletLM)))))), <pyterrier.ltr.RegressionTransformer object at 0x16d60ce80>)",1106007,map,0.027298469437350783
105,"Compose(Compose(RankCutoff(BR(BM25), 1000), FUnion(None(), FUnion(BR(TF_IDF), FUnion(BR(PL2), FUnion(BR(Dl), BR(DirichletLM)))))), <pyterrier.ltr.RegressionTransformer object at 0x16d60ce80>)",1106007,recip_rank,0.3333333333333333
106,"Compose(Compose(RankCutoff(BR(BM25), 1000), FUnion(None(), FUnion(BR(TF_IDF), FUnion(BR(PL2), FUnion(BR(Dl), BR(DirichletLM)))))), <pyterrier.ltr.RegressionTransformer object at 0x16d60ce80>)",1106007,ndcg_cut_10,0.08069862424496003
107,"Compose(Compose(RankCutoff(BR(BM25), 1000), FUnion(None(), FUnion(BR(TF_IDF), FUnion(BR(PL2), FUnion(BR(Dl), BR(DirichletLM)))))), <pyterrier.ltr.RegressionTransformer object at 0x16d60ce80>)",1106007,ndcg_cut_30,0.06614980164891517
108,"Compose(Compose(RankCutoff(BR(BM25), 1000), FUnion(None(), FUnion(BR(TF_IDF), FUnion(BR(PL2), FUnion(BR(Dl), BR(DirichletLM)))))), <pyterrier.ltr.RegressionTransformer object at 0x16d60ce80>)",1124210,map,0.31721305232504743
109,"Compose(Compose(RankCutoff(BR(BM25), 1000), FUnion(None(), FUnion(BR(TF_IDF), FUnion(BR(PL2), FUnion(BR(Dl), BR(DirichletLM)))))), <pyterrier.ltr.RegressionTransformer object at 0x16d60ce80>)",1124210,recip_rank,1.0
110,"Compose(Compose(RankCutoff(BR(BM25), 1000), FUnion(None(), FUnion(BR(TF_IDF), FUnion(BR(PL2), FUnion(BR(Dl), BR(DirichletLM)))))), <pyterrier.ltr.RegressionTransformer object at 0x16d60ce80>)",1124210,ndcg_cut_10,0.59185952602985
111,"Compose(Compose(RankCutoff(BR(BM25), 1000), FUnion(None(), FUnion(BR(TF_IDF), FUnion(BR(PL2), FUnion(BR(Dl), BR(DirichletLM)))))), <pyterrier.ltr.RegressionTransformer object at 0x16d60ce80>)",1124210,ndcg_cut_30,0.6453400262444902
112,"Compose(Compose(RankCutoff(BR(BM25), 1000), FUnion(None(), FUnion(BR(TF_IDF), FUnion(BR(PL2), FUnion(BR(Dl), BR(DirichletLM)))))), <pyterrier.ltr.RegressionTransformer object at 0x16d60ce80>)",490595,map,0.11872712666519
113,"Compose(Compose(RankCutoff(BR(BM25), 1000), FUnion(None(), FUnion(BR(TF_IDF), FUnion(BR(PL2), FUnion(BR(Dl), BR(DirichletLM)))))), <pyterrier.ltr.RegressionTransformer object at 0x16d60ce80>)",490595,recip_rank,0.08333333333333333
114,"Compose(Compose(RankCutoff(BR(BM25), 1000), FUnion(None(), FUnion(BR(TF_IDF), FUnion(BR(PL2), FUnion(BR(Dl), BR(DirichletLM)))))), <pyterrier.ltr.RegressionTransformer object at 0x16d60ce80>)",490595,ndcg_cut_10,0.0
115,"Compose(Compose(RankCutoff(BR(BM25), 1000), FUnion(None(), FUnion(BR(TF_IDF), FUnion(BR(PL2), FUnion(BR(Dl), BR(DirichletLM)))))), <pyterrier.ltr.RegressionTransformer object at 0x16d60ce80>)",490595,ndcg_cut_30,0.09536709028269286
116,"Compose(Compose(RankCutoff(BR(BM25), 1000), FUnion(None(), FUnion(BR(TF_IDF), FUnion(BR(PL2), FUnion(BR(Dl), BR(DirichletLM)))))), <pyterrier.ltr.RegressionTransformer object at 0x16d60ce80>)",1103812,map,0.035580295769585484
117,"Compose(Compose(RankCutoff(BR(BM25), 1000), FUnion(None(), FUnion(BR(TF_IDF), FUnion(BR(PL2), FUnion(BR(Dl), BR(DirichletLM)))))), <pyterrier.ltr.RegressionTransformer object at 0x16d60ce80>)",1103812,recip_rank,0.1111111111111111
118,"Compose(Compose(RankCutoff(BR(BM25), 1000), FUnion(None(), FUnion(BR(TF_IDF), FUnion(BR(PL2), FUnion(BR(Dl), BR(DirichletLM)))))), <pyterrier.ltr.RegressionTransformer object at 0x16d60ce80>)",1103812,ndcg_cut_10,0.08050330613630795
119,"Compose(Compose(RankCutoff(BR(BM25), 1000), FUnion(None(), FUnion(BR(TF_IDF), FUnion(BR(PL2), FUnion(BR(Dl), BR(DirichletLM)))))), <pyterrier.ltr.RegressionTransformer object at 0x16d60ce80>)",1103812,ndcg_cut_30,0.05604028880127201
120,"Compose(Compose(RankCutoff(BR(BM25), 1000), FUnion(None(), FUnion(BR(TF_IDF), FUnion(BR(PL2), FUnion(BR(Dl), BR(DirichletLM)))))), <pyterrier.ltr.RegressionTransformer object at 0x16d60ce80>)",87181,map,0.3841031264887526
121,"Compose(Compose(RankCutoff(BR(BM25), 1000), FUnion(None(), FUnion(BR(TF_IDF), FUnion(BR(PL2), FUnion(BR(Dl), BR(DirichletLM)))))), <pyterrier.ltr.RegressionTransformer object at 0x16d60ce80>)",87181,recip_rank,1.0
122,"Compose(Compose(RankCutoff(BR(BM25), 1000), FUnion(None(), FUnion(BR(TF_IDF), FUnion(BR(PL2), FUnion(BR(Dl), BR(DirichletLM)))))), <pyterrier.ltr.RegressionTransformer object at 0x16d60ce80>)",87181,ndcg_cut_10,0.42397769455630596
123,"Compose(Compose(RankCutoff(BR(BM25), 1000), FUnion(None(), FUnion(BR(TF_IDF), FUnion(BR(PL2), FUnion(BR(Dl), BR(DirichletLM)))))), <pyterrier.ltr.RegressionTransformer object at 0x16d60ce80>)",87181,ndcg_cut_30,0.3835983458765666
124,"Compose(Compose(RankCutoff(BR(BM25), 1000), FUnion(None(), FUnion(BR(TF_IDF), FUnion(BR(PL2), FUnion(BR(Dl), BR(DirichletLM)))))), <pyterrier.ltr.RegressionTransformer object at 0x16d60ce80>)",443396,map,0.0017121043955903997
125,"Compose(Compose(RankCutoff(BR(BM25), 1000), FUnion(None(), FUnion(BR(TF_IDF), FUnion(BR(PL2), FUnion(BR(Dl), BR(DirichletLM)))))), <pyterrier.ltr.RegressionTransformer object at 0x16d60ce80>)",443396,recip_rank,0.014925373134328358
126,"Compose(Compose(RankCutoff(BR(BM25), 1000), FUnion(None(), FUnion(BR(TF_IDF), FUnion(BR(PL2), FUnion(BR(Dl), BR(DirichletLM)))))), <pyterrier.ltr.RegressionTransformer object at 0x16d60ce80>)",443396,ndcg_cut_10,0.0
127,"Compose(Compose(RankCutoff(BR(BM25), 1000), FUnion(None(), FUnion(BR(TF_IDF), FUnion(BR(PL2), FUnion(BR(Dl), BR(DirichletLM)))))), <pyterrier.ltr.RegressionTransformer object at 0x16d60ce80>)",443396,ndcg_cut_30,0.0
128,"Compose(Compose(RankCutoff(BR(BM25), 1000), FUnion(None(), FUnion(BR(TF_IDF), FUnion(BR(PL2), FUnion(BR(Dl), BR(DirichletLM)))))), <pyterrier.ltr.RegressionTransformer object at 0x16d60ce80>)",1121709,map,0.0007507507507507507
129,"Compose(Compose(RankCutoff(BR(BM25), 1000), FUnion(None(), FUnion(BR(TF_IDF), FUnion(BR(PL2), FUnion(BR(Dl), BR(DirichletLM)))))), <pyterrier.ltr.RegressionTransformer object at 0x16d60ce80>)",1121709,recip_rank,0.009009009009009009
130,"Compose(Compose(RankCutoff(BR(BM25), 1000), FUnion(None(), FUnion(BR(TF_IDF), FUnion(BR(PL2), FUnion(BR(Dl), BR(DirichletLM)))))), <pyterrier.ltr.RegressionTransformer object at 0x16d60ce80>)",1121709,ndcg_cut_10,0.0
131,"Compose(Compose(RankCutoff(BR(BM25), 1000), FUnion(None(), FUnion(BR(TF_IDF), FUnion(BR(PL2), FUnion(BR(Dl), BR(DirichletLM)))))), <pyterrier.ltr.RegressionTransformer object at 0x16d60ce80>)",1121709,ndcg_cut_30,0.0
132,"Compose(Compose(RankCutoff(BR(BM25), 1000), FUnion(None(), FUnion(BR(TF_IDF), FUnion(BR(PL2), FUnion(BR(Dl), BR(DirichletLM)))))), <pyterrier.ltr.RegressionTransformer object at 0x16d60ce80>)",87452,map,0.044445312748013506
133,"Compose(Compose(RankCutoff(BR(BM25), 1000), FUnion(None(), FUnion(BR(TF_IDF), FUnion(BR(PL2), FUnion(BR(Dl), BR(DirichletLM)))))), <pyterrier.ltr.RegressionTransformer object at 0x16d60ce80>)",87452,recip_rank,0.07142857142857142
134,"Compose(Compose(RankCutoff(BR(BM25), 1000), FUnion(None(), FUnion(BR(TF_IDF), FUnion(BR(PL2), FUnion(BR(Dl), BR(DirichletLM)))))), <pyterrier.ltr.RegressionTransformer object at 0x16d60ce80>)",87452,ndcg_cut_10,0.0
135,"Compose(Compose(RankCutoff(BR(BM25), 1000), FUnion(None(), FUnion(BR(TF_IDF), FUnion(BR(PL2), FUnion(BR(Dl), BR(DirichletLM)))))), <pyterrier.ltr.RegressionTransformer object at 0x16d60ce80>)",87452,ndcg_cut_30,0.08038950808560681
136,"Compose(Compose(RankCutoff(BR(BM25), 1000), FUnion(None(), FUnion(BR(TF_IDF), FUnion(BR(PL2), FUnion(BR(Dl), BR(DirichletLM)))))), <pyterrier.ltr.RegressionTransformer object at 0x16d60ce80>)",855410,map,0.6791666666666667
137,"Compose(Compose(RankCutoff(BR(BM25), 1000), FUnion(None(), FUnion(BR(TF_IDF), FUnion(BR(PL2), FUnion(BR(Dl), BR(DirichletLM)))))), <pyterrier.ltr.RegressionTransformer object at 0x16d60ce80>)",855410,recip_rank,0.5
138,"Compose(Compose(RankCutoff(BR(BM25), 1000), FUnion(None(), FUnion(BR(TF_IDF), FUnion(BR(PL2), FUnion(BR(Dl), BR(DirichletLM)))))), <pyterrier.ltr.RegressionTransformer object at 0x16d60ce80>)",855410,ndcg_cut_10,0.7238981630719122
139,"Compose(Compose(RankCutoff(BR(BM25), 1000), FUnion(None(), FUnion(BR(TF_IDF), FUnion(BR(PL2), FUnion(BR(Dl), BR(DirichletLM)))))), <pyterrier.ltr.RegressionTransformer object at 0x16d60ce80>)",855410,ndcg_cut_30,0.7238981630719122
140,"Compose(Compose(RankCutoff(BR(BM25), 1000), FUnion(None(), FUnion(BR(TF_IDF), FUnion(BR(PL2), FUnion(BR(Dl), BR(DirichletLM)))))), <pyterrier.ltr.RegressionTransformer object at 0x16d60ce80>)",1114646,map,0.21712591824872396
141,"Compose(Compose(RankCutoff(BR(BM25), 1000), FUnion(None(), FUnion(BR(TF_IDF), FUnion(BR(PL2), FUnion(BR(Dl), BR(DirichletLM)))))), <pyterrier.ltr.RegressionTransformer object at 0x16d60ce80>)",1114646,recip_rank,1.0
142,"Compose(Compose(RankCutoff(BR(BM25), 1000), FUnion(None(), FUnion(BR(TF_IDF), FUnion(BR(PL2), FUnion(BR(Dl), BR(DirichletLM)))))), <pyterrier.ltr.RegressionTransformer object at 0x16d60ce80>)",1114646,ndcg_cut_10,0.3029825418351289
143,"Compose(Compose(RankCutoff(BR(BM25), 1000), FUnion(None(), FUnion(BR(TF_IDF), FUnion(BR(PL2), FUnion(BR(Dl), BR(DirichletLM)))))), <pyterrier.ltr.RegressionTransformer object at 0x16d60ce80>)",1114646,ndcg_cut_30,0.33328859919493187
144,"Compose(Compose(RankCutoff(BR(BM25), 1000), FUnion(None(), FUnion(BR(TF_IDF), FUnion(BR(PL2), FUnion(BR(Dl), BR(DirichletLM)))))), <pyterrier.ltr.RegressionTransformer object at 0x16d60ce80>)",19335,map,0.043584008530020965
145,"Compose(Compose(RankCutoff(BR(BM25), 1000), FUnion(None(), FUnion(BR(TF_IDF), FUnion(BR(PL2), FUnion(BR(Dl), BR(DirichletLM)))))), <pyterrier.ltr.RegressionTransformer object at 0x16d60ce80>)",19335,recip_rank,0.3333333333333333
146,"Compose(Compose(RankCutoff(BR(BM25), 1000), FUnion(None(), FUnion(BR(TF_IDF), FUnion(BR(PL2), FUnion(BR(Dl), BR(DirichletLM)))))), <pyterrier.ltr.RegressionTransformer object at 0x16d60ce80>)",19335,ndcg_cut_10,0.0465412182114933
147,"Compose(Compose(RankCutoff(BR(BM25), 1000), FUnion(None(), FUnion(BR(TF_IDF), FUnion(BR(PL2), FUnion(BR(Dl), BR(DirichletLM)))))), <pyterrier.ltr.RegressionTransformer object at 0x16d60ce80>)",19335,ndcg_cut_30,0.07642943008197102
148,"Compose(Compose(RankCutoff(BR(BM25), 1000), FUnion(None(), FUnion(BR(TF_IDF), FUnion(BR(PL2), FUnion(BR(Dl), BR(DirichletLM)))))), <pyterrier.ltr.RegressionTransformer object at 0x16d60ce80>)",47923,map,0.2089445470597551
149,"Compose(Compose(RankCutoff(BR(BM25), 1000), FUnion(None(), FUnion(BR(TF_IDF), FUnion(BR(PL2), FUnion(BR(Dl), BR(DirichletLM)))))), <pyterrier.ltr.RegressionTransformer object at 0x16d60ce80>)",47923,recip_rank,1.0
150,"Compose(Compose(RankCutoff(BR(BM25), 1000), FUnion(None(), FUnion(BR(TF_IDF), FUnion(BR(PL2), FUnion(BR(Dl), BR(DirichletLM)))))), <pyterrier.ltr.RegressionTransformer object at 0x16d60ce80>)",47923,ndcg_cut_10,0.20327207829618493
151,"Compose(Compose(RankCutoff(BR(BM25), 1000), FUnion(None(), FUnion(BR(TF_IDF), FUnion(BR(PL2), FUnion(BR(Dl), BR(DirichletLM)))))), <pyterrier.ltr.RegressionTransformer object at 0x16d60ce80>)",47923,ndcg_cut_30,0.22404969482004705
152,"Compose(Compose(RankCutoff(BR(BM25), 1000), FUnion(None(), FUnion(BR(TF_IDF), FUnion(BR(PL2), FUnion(BR(Dl), BR(DirichletLM)))))), <pyterrier.ltr.RegressionTransformer object at 0x16d60ce80>)",405717,map,0.14762400906887477
153,"Compose(Compose(RankCutoff(BR(BM25), 1000), FUnion(None(), FUnion(BR(TF_IDF), FUnion(BR(PL2), FUnion(BR(Dl), BR(DirichletLM)))))), <pyterrier.ltr.RegressionTransformer object at 0x16d60ce80>)",405717,recip_rank,0.25
154,"Compose(Compose(RankCutoff(BR(BM25), 1000), FUnion(None(), FUnion(BR(TF_IDF), FUnion(BR(PL2), FUnion(BR(Dl), BR(DirichletLM)))))), <pyterrier.ltr.RegressionTransformer object at 0x16d60ce80>)",405717,ndcg_cut_10,0.22240508191740752
155,"Compose(Compose(RankCutoff(BR(BM25), 1000), FUnion(None(), FUnion(BR(TF_IDF), FUnion(BR(PL2), FUnion(BR(Dl), BR(DirichletLM)))))), <pyterrier.ltr.RegressionTransformer object at 0x16d60ce80>)",405717,ndcg_cut_30,0.19682139278079386
156,"Compose(Compose(RankCutoff(BR(BM25), 1000), FUnion(None(), FUnion(BR(TF_IDF), FUnion(BR(PL2), FUnion(BR(Dl), BR(DirichletLM)))))), <pyterrier.ltr.RegressionTransformer object at 0x16d60ce80>)",182539,map,0.4361530985904566
157,"Compose(Compose(RankCutoff(BR(BM25), 1000), FUnion(None(), FUnion(BR(TF_IDF), FUnion(BR(PL2), FUnion(BR(Dl), BR(DirichletLM)))))), <pyterrier.ltr.RegressionTransformer object at 0x16d60ce80>)",182539,recip_rank,1.0
158,"Compose(Compose(RankCutoff(BR(BM25), 1000), FUnion(None(), FUnion(BR(TF_IDF), FUnion(BR(PL2), FUnion(BR(Dl), BR(DirichletLM)))))), <pyterrier.ltr.RegressionTransformer object at 0x16d60ce80>)",182539,ndcg_cut_10,0.4524871626321317
159,"Compose(Compose(RankCutoff(BR(BM25), 1000), FUnion(None(), FUnion(BR(TF_IDF), FUnion(BR(PL2), FUnion(BR(Dl), BR(DirichletLM)))))), <pyterrier.ltr.RegressionTransformer object at 0x16d60ce80>)",182539,ndcg_cut_30,0.5376074329244759
160,"Compose(Compose(RankCutoff(BR(BM25), 1000), FUnion(None(), FUnion(BR(TF_IDF), FUnion(BR(PL2), FUnion(BR(Dl), BR(DirichletLM)))))), <pyterrier.ltr.RegressionTransformer object at 0x16d60ce80>)",1113437,map,0.07598266873418456
161,"Compose(Compose(RankCutoff(BR(BM25), 1000), FUnion(None(), FUnion(BR(TF_IDF), FUnion(BR(PL2), FUnion(BR(Dl), BR(DirichletLM)))))), <pyterrier.ltr.RegressionTransformer object at 0x16d60ce80>)",1113437,recip_rank,0.2
162,"Compose(Compose(RankCutoff(BR(BM25), 1000), FUnion(None(), FUnion(BR(TF_IDF), FUnion(BR(PL2), FUnion(BR(Dl), BR(DirichletLM)))))), <pyterrier.ltr.RegressionTransformer object at 0x16d60ce80>)",1113437,ndcg_cut_10,0.07218717283658176
163,"Compose(Compose(RankCutoff(BR(BM25), 1000), FUnion(None(), FUnion(BR(TF_IDF), FUnion(BR(PL2), FUnion(BR(Dl), BR(DirichletLM)))))), <pyterrier.ltr.RegressionTransformer object at 0x16d60ce80>)",1113437,ndcg_cut_30,0.11802855297909393
164,"Compose(Compose(RankCutoff(BR(BM25), 1000), FUnion(None(), FUnion(BR(TF_IDF), FUnion(BR(PL2), FUnion(BR(Dl), BR(DirichletLM)))))), <pyterrier.ltr.RegressionTransformer object at 0x16d60ce80>)",1129237,map,0.08297173137649669
165,"Compose(Compose(RankCutoff(BR(BM25), 1000), FUnion(None(), FUnion(BR(TF_IDF), FUnion(BR(PL2), FUnion(BR(Dl), BR(DirichletLM)))))), <pyterrier.ltr.RegressionTransformer object at 0x16d60ce80>)",1129237,recip_rank,1.0
166,"Compose(Compose(RankCutoff(BR(BM25), 1000), FUnion(None(), FUnion(BR(TF_IDF), FUnion(BR(PL2), FUnion(BR(Dl), BR(DirichletLM)))))), <pyterrier.ltr.RegressionTransformer object at 0x16d60ce80>)",1129237,ndcg_cut_10,0.07336392209936005
167,"Compose(Compose(RankCutoff(BR(BM25), 1000), FUnion(None(), FUnion(BR(TF_IDF), FUnion(BR(PL2), FUnion(BR(Dl), BR(DirichletLM)))))), <pyterrier.ltr.RegressionTransformer object at 0x16d60ce80>)",1129237,ndcg_cut_30,0.10574253291973942
168,"Compose(Compose(RankCutoff(BR(BM25), 1000), FUnion(None(), FUnion(BR(TF_IDF), FUnion(BR(PL2), FUnion(BR(Dl), BR(DirichletLM)))))), <pyterrier.ltr.RegressionTransformer object at 0x16d60ce80>)",146187,map,0.241742766753782
169,"Compose(Compose(RankCutoff(BR(BM25), 1000), FUnion(None(), FUnion(BR(TF_IDF), FUnion(BR(PL2), FUnion(BR(Dl), BR(DirichletLM)))))), <pyterrier.ltr.RegressionTransformer object at 0x16d60ce80>)",146187,recip_rank,0.3333333333333333
170,"Compose(Compose(RankCutoff(BR(BM25), 1000), FUnion(None(), FUnion(BR(TF_IDF), FUnion(BR(PL2), FUnion(BR(Dl), BR(DirichletLM)))))), <pyterrier.ltr.RegressionTransformer object at 0x16d60ce80>)",146187,ndcg_cut_10,0.35296850781479616
171,"Compose(Compose(RankCutoff(BR(BM25), 1000), FUnion(None(), FUnion(BR(TF_IDF), FUnion(BR(PL2), FUnion(BR(Dl), BR(DirichletLM)))))), <pyterrier.ltr.RegressionTransformer object at 0x16d60ce80>)",146187,ndcg_cut_30,0.42706470765774757
